id,mislabel_score,dup_score,ood_score
train_00000,0.8033875226974487,0.9338514,0.09326360797288652
train_00001,0.5045456886291504,0.9194083,0.014754168413263111
train_00002,0.26298922300338745,0.9697832,0.21286576883771932
train_00003,0.258908212184906,0.8355764,0.12342301962316299
train_00004,0.5616444945335388,0.7867536,0.3765236073147674
train_00005,0.1931023895740509,0.7655442,0.45677290165232354
train_00006,0.860464334487915,0.85956794,0.026265401599075137
train_00007,0.49447837471961975,0.92807555,0.16455556093162882
train_00008,0.6666077375411987,0.87334096,0.018291486865441322
train_00009,0.8067973256111145,0.9585694,0.7071308380513729
train_00010,0.28875407576560974,0.9223521,0.0061438182494323555
train_00011,0.38518327474594116,0.98631495,0.016828792910657465
train_00012,0.7927132844924927,0.85419136,0.20111668296649204
train_00013,0.4848458468914032,0.91548204,0.024352246571446756
train_00014,0.1769527792930603,0.94310963,0.010818805942641866
train_00015,0.6935678124427795,0.8160142,0.13466419002605742
train_00016,0.27669140696525574,0.9402615,0.10871221430021534
train_00017,0.7305052280426025,0.8117719,0.12006076871912441
train_00018,0.6782095432281494,0.8875424,0.02928203346526815
train_00019,0.5552921891212463,0.9099753,0.40801627471890317
train_00020,0.5343737602233887,0.67714703,0.5343781734368114
train_00021,0.17071382701396942,0.871611,0.08919346913160812
train_00022,0.4549299478530884,0.9372506,0.08892315896677933
train_00023,0.4673965871334076,0.84778595,0.19424362149673186
train_00024,0.42716941237449646,0.9452644,0.004668120865329637
train_00025,0.5850761532783508,0.93233496,0.7909673170935182
train_00026,0.45294368267059326,0.9373512,0.048577407190077124
train_00027,0.4166833162307739,0.9928992,0.2888722816964892
train_00028,0.16114987432956696,0.96978104,0.12684658669033474
train_00029,0.5012272596359253,0.9435612,0.5045807801525205
train_00030,0.8030877113342285,0.8499542,0.04803207713570636
train_00031,0.4555220305919647,0.85784745,0.09141008724099893
train_00032,0.40174609422683716,0.83538723,0.03162959937038961
train_00033,0.6624760031700134,0.82962143,0.099191110130634
train_00034,0.7799129486083984,0.93125904,0.011611696261787131
train_00035,0.2909323275089264,0.9168371,0.01981103815040162
train_00036,0.13635371625423431,0.8038797,0.4924274238276446
train_00037,0.11799274384975433,0.8165542,0.17021881221284976
train_00038,0.437737375497818,0.9390867,0.007871723767931778
train_00039,0.4420476257801056,0.94456553,0.3572347835753533
train_00040,0.35392218828201294,0.8791692,0.007573575407026625
train_00041,0.3511839210987091,0.9368484,0.019199367899496767
train_00042,0.07410308718681335,0.99664617,0.2859048296818796
train_00043,0.39081278443336487,0.8970561,0.007281154023257042
train_00044,0.7550281286239624,0.9103632,0.013359903558641452
train_00045,0.8504729270935059,0.8898666,0.021359759234273763
train_00046,0.5224834680557251,0.92272234,0.2390648655538852
train_00047,0.10845331102609634,0.90728706,0.007072117542616183
train_00048,0.29928168654441833,0.99850523,0.12616457163982128
train_00049,0.3772282004356384,0.89282215,0.03181931734805051
train_00050,0.5157911777496338,0.90862167,0.1270016541418184
train_00051,0.20211893320083618,0.79520416,0.32270830398859074
train_00052,0.3168930113315582,0.7757745,0.5317216860776764
train_00053,0.436061829328537,0.94126165,0.33168934817980883
train_00054,0.1741202175617218,0.90379876,0.02134930956372404
train_00055,0.12540830671787262,0.89318895,0.5259130497628041
train_00056,0.6173136830329895,0.8708585,0.024643706867954043
train_00057,0.18163801729679108,0.8423004,0.40316874362626504
train_00058,0.6116395592689514,0.9425514,0.31417618398261454
train_00059,0.7852938771247864,0.9560134,0.16733215938528145
train_00060,0.18760071694850922,0.99956477,0.3648983076411145
train_00061,0.6889646053314209,0.85369277,0.04024703242048338
train_00062,0.4941875636577606,0.98885524,0.0791847092951723
train_00063,0.4791683852672577,0.83153,0.08397180857586825
train_00064,0.28474336862564087,0.95390373,0.0971962007965298
train_00065,0.463942289352417,0.9221393,0.020237025544374614
train_00066,0.8644047975540161,0.78862786,0.15425110766732325
train_00067,0.4485064446926117,0.82684517,0.2614500559571896
train_00068,0.6254159212112427,0.91225475,0.0171466373878028
train_00069,0.6214714646339417,0.9361761,0.001924505924579646
train_00070,0.40148892998695374,0.91228545,0.49535306913786364
train_00071,0.5814857482910156,0.9046215,0.0194829700119237
train_00072,0.8599895238876343,0.8554486,0.018199229008064085
train_00073,0.5171746611595154,0.79862964,0.2892049705301511
train_00074,0.6532828211784363,0.85544145,0.03848162691052976
train_00075,0.5139452815055847,0.93206286,0.2568092453313956
train_00076,0.5177251100540161,0.73828596,0.36732147056309405
train_00077,0.6492993235588074,0.8770568,0.07924270670462841
train_00078,0.8572899699211121,0.9790443,0.21588711255553178
train_00079,0.38951534032821655,0.87606764,0.15534576311991122
train_00080,0.6150893568992615,0.99028295,0.04889756642052927
train_00081,0.8634597063064575,0.8523122,0.08176935867980493
train_00082,0.467013418674469,0.9897563,0.0554316817017853
train_00083,0.5989635586738586,0.8648288,0.08508098114549152
train_00084,0.5858520269393921,0.8696743,0.041060467232373235
train_00085,0.7778045535087585,0.6999234,0.8506643470523996
train_00086,0.38785821199417114,0.9680648,0.3427604257100497
train_00087,0.3543982207775116,0.9966081,0.24284516805523834
train_00088,0.4385869801044464,0.88374263,0.007121163512420559
train_00089,0.5241395831108093,0.8780544,0.009058228638541298
train_00090,0.28842824697494507,0.9452644,0.00919671988068353
train_00091,0.6318816542625427,0.95981324,0.002187616875501538
train_00092,0.7205618023872375,0.8765674,0.019187939269563636
train_00093,0.4443027675151825,0.82666117,0.11904796528388606
train_00094,0.18600888550281525,0.9827629,0.1323045122566719
train_00095,0.28075122833251953,0.89312184,0.14105995608763675
train_00096,0.6954140663146973,0.946383,0.4569230379681287
train_00097,0.6896886825561523,0.89049137,0.11889139441759657
train_00098,0.4536057412624359,0.9833646,0.11019966583562629
train_00099,0.7877628803253174,0.9616626,0.00907585537974691
train_00100,0.10943900793790817,0.8813567,0.04740962249119146
train_00101,0.7227584719657898,0.8513792,0.1980073612985115
train_00102,0.47432592511177063,0.90446305,0.14850593115452618
train_00103,0.2520085573196411,0.90626454,0.09132119394936986
train_00104,0.669015645980835,0.902895,0.01811574088357727
train_00105,0.17176765203475952,0.8759601,0.06472360541059541
train_00106,0.13114258646965027,0.9293522,0.367869595352064
train_00107,0.22364656627178192,0.80372226,0.38911183309764497
train_00108,0.3268621265888214,0.8432291,0.18733229482461905
train_00109,0.35462486743927,0.9423535,0.14793120128256684
train_00110,0.4881542921066284,0.9298996,0.1
train_00111,0.31312641501426697,0.85664535,0.10176518965365247
train_00112,0.782526433467865,0.7723179,0.3909213642402938
train_00113,0.6274017691612244,0.91919374,0.018614390784790016
train_00114,0.11870767176151276,0.8647246,0.11320642470048078
train_00115,0.6825160980224609,0.9904459,0.19457197248128463
train_00116,0.3912607431411743,0.8828366,0.029636169788952626
train_00117,0.6187891960144043,0.93800014,0.015163924621409931
train_00118,0.38419249653816223,0.8345624,0.08788874578685398
train_00119,0.8030752539634705,0.77959657,0.286132311772986
train_00120,0.1364382803440094,0.86236745,0.28905977587574216
train_00121,0.838128924369812,0.93086076,0.06264925922102146
train_00122,0.3187039792537689,0.95390373,0.12797524000942095
train_00123,0.5037804841995239,0.88085294,0.11173583311444668
train_00124,0.27775585651397705,0.9932301,0.3386031359565031
train_00125,0.7821416854858398,0.8425952,0.09614111466079645
train_00126,0.3651672601699829,0.99701077,0.18941825542757137
train_00127,0.8204542994499207,0.76691735,0.21410033937385456
train_00128,0.104156993329525,0.75757223,0.3776119611295565
train_00129,0.1540060043334961,0.9433371,0.06171776000437588
train_00130,0.31405794620513916,0.9618696,0.0028318998592020755
train_00131,0.7218360304832458,0.92857933,0.40648111033404727
train_00132,0.3688570559024811,0.74709177,0.347485698569746
train_00133,0.7064296007156372,0.9832157,0.10954283515910453
train_00134,0.3125673234462738,0.9970099,0.1291560888857653
train_00135,0.6091997027397156,0.9971863,0.04768318268981807
train_00136,0.49292683601379395,0.83121395,0.10020272901955321
train_00137,0.2666183412075043,0.8566109,0.06222765644682273
train_00138,0.09734217077493668,0.8999506,0.07508905634480374
train_00139,0.8940446376800537,0.90558916,0.3445513989400026
train_00140,0.6891470551490784,0.9933634,0.292776729557036
train_00141,0.729754626750946,0.8753482,0.061685557362363065
train_00142,0.714690625667572,0.8869875,0.03612917608432853
train_00143,0.2321215718984604,0.9616626,0.0047388637430235
train_00144,0.2470971643924713,0.9054451,0.07943630567581376
train_00145,0.7624111771583557,0.8828097,0.053522115003312144
train_00146,0.29191023111343384,0.8821546,0.11766361387809235
train_00147,0.6528884172439575,0.83366096,0.18629560856309504
train_00148,0.7119422554969788,0.94410056,0.45619314129670224
train_00149,0.3214978575706482,0.9224907,0.17932980039087432
train_00150,0.5741578340530396,0.9292619,0.0
train_00151,0.46094003319740295,0.9664766,0.10415419524434633
train_00152,0.6793187260627747,0.873917,0.07423498986580711
train_00153,0.4583064317703247,0.952683,0.23069384321352224
train_00154,0.13823357224464417,0.8650304,0.08850601255719168
train_00155,0.3264644742012024,0.98903143,0.48548457365521225
train_00156,0.30827704071998596,0.8227936,0.04117987655228656
train_00157,0.5700245499610901,0.8918806,0.02578133054917588
train_00158,0.4522608518600464,0.9562583,0.00817835041994057
train_00159,0.5091854929924011,0.99633694,0.2977552547025471
train_00160,0.4422849714756012,0.7664926,0.18787225060175836
train_00161,0.24462904036045074,0.8741585,0.010126144072180002
train_00162,0.24314717948436737,0.9641907,0.2241741822980682
train_00163,0.5344957113265991,0.9772754,0.40764332257462105
train_00164,0.5335490703582764,0.9554808,0.01763125664362272
train_00165,0.3937087655067444,0.8094835,0.1708899786082229
train_00166,0.42423179745674133,0.8666661,0.1827854204579293
train_00167,0.6536033749580383,0.88148284,0.3543715250701541
train_00168,0.33322879672050476,0.81295455,0.23544795880555058
train_00169,0.5238186717033386,0.74074894,0.3196797897316526
train_00170,0.2559514045715332,0.81836694,0.34025996877630493
train_00171,0.7126975059509277,0.7883152,0.4714983263179813
train_00172,0.25879257917404175,0.8335835,0.18399914935951175
train_00173,0.18480148911476135,0.8685415,0.12827481578157376
train_00174,0.2647327482700348,0.84253573,0.029672119012688826
train_00175,0.5417886972427368,0.9314439,0.07852610213952044
train_00176,0.5940468907356262,0.87426996,0.2822753336515119
train_00177,0.5863474011421204,0.9791979,0.6545576388586318
train_00178,0.5423500537872314,0.813009,0.1413412455616636
train_00179,0.18160471320152283,0.9583921,0.18795822967023837
train_00180,0.4041447639465332,0.8310096,0.18660413237127693
train_00181,0.4963180124759674,0.8936355,0.012290008131572825
train_00182,0.7742702960968018,0.9170711,0.018173376138091616
train_00183,0.22712616622447968,0.7908256,0.1354754310968505
train_00184,0.16089758276939392,0.8794824,0.041297956559354344
train_00185,0.30677345395088196,0.95248795,0.3249461557907032
train_00186,0.10338256508111954,0.9248347,0.057551883253791146
train_00187,0.871325671672821,0.98854893,0.37471746883490076
train_00188,0.38857966661453247,0.9237996,0.18339765486396073
train_00189,0.41577446460723877,0.8940121,0.015691592346871404
train_00190,0.63498455286026,0.82600063,0.332028735715945
train_00191,0.4527856111526489,0.91880834,0.08789510245204495
train_00192,0.7126349210739136,0.91517913,0.03268099959454285
train_00193,0.7470796704292297,0.86879253,0.09596998278340693
train_00194,0.6389757394790649,0.9806553,0.32772181077722573
train_00195,0.28379327058792114,0.99792516,0.29718288887908484
train_00196,0.39038893580436707,0.8842082,0.08963147120803899
train_00197,0.05842088907957077,0.9372254,0.13764926247724152
train_00198,0.8743795156478882,0.90587837,0.019788754811049553
train_00199,0.861356258392334,0.9310723,0.014950611174521124
train_00200,0.16381488740444183,0.97086394,0.7542059959115605
train_00201,0.5250438451766968,0.851931,0.23060632076654392
train_00202,0.13054142892360687,0.95251036,0.0415410266133737
train_00203,0.27209633588790894,0.7766696,0.42203364258367526
train_00204,0.39572298526763916,0.82216996,0.06615627821245794
train_00205,0.3419415354728699,0.9697832,0.2266293658257229
train_00206,0.7190399169921875,0.89097,0.060941654792816366
train_00207,0.6334542632102966,0.8398875,0.19359527859253203
train_00208,0.5121433734893799,0.81523764,0.31935192108547006
train_00209,0.6044972538948059,0.89539915,0.0478249724959821
train_00210,0.22749750316143036,0.8115373,0.23750898419807104
train_00211,0.7581560015678406,0.82214725,0.2168467852896513
train_00212,0.10607120394706726,0.90282786,0.03786117391521723
train_00213,0.3648771047592163,0.9411733,0.037586557249897214
train_00214,0.43252086639404297,0.86894083,0.07834748297297064
train_00215,0.5502489805221558,0.78608364,0.28012127505389
train_00216,0.17712102830410004,0.8487785,0.03968927930293285
train_00217,0.7116173505783081,0.8958757,0.009836541546036873
train_00218,0.6567113399505615,0.93246627,0.023662599891773252
train_00219,0.6221257448196411,0.9193516,0.014174814875159923
train_00220,0.48124006390571594,0.94238186,0.050625630907747084
train_00221,0.22621062397956848,0.8023876,0.29820118072615887
train_00222,0.5549795627593994,0.75462854,0.3488131916584068
train_00223,0.4584382474422455,0.7790033,0.47175901530427783
train_00224,0.1896088719367981,0.8313991,0.11375416458242109
train_00225,0.13182243704795837,0.85419136,0.2203876530748859
train_00226,0.23493023216724396,0.946383,0.452201063195748
train_00227,0.1863144487142563,0.92390305,0.0036340052351944616
train_00228,0.8653068542480469,0.86879253,0.06792247164694491
train_00229,0.5764466524124146,0.9991238,0.044408950637235114
train_00230,0.4246247112751007,0.7729014,0.4860668322046889
train_00231,0.819145917892456,0.9583921,0.3453155336320662
train_00232,0.5347590446472168,0.90587837,0.03958559454054644
train_00233,0.21234087646007538,0.9560134,0.14187939110516104
train_00234,0.6314419507980347,0.9231765,0.29452083271165896
train_00235,0.6293916702270508,0.88893414,0.07251963648688742
train_00236,0.2519276738166809,0.9590081,0.16902725635257332
train_00237,0.732093095779419,0.9277189,0.009212397987985678
train_00238,0.307818740606308,0.7536552,0.44420966157801506
train_00239,0.13324710726737976,0.8554671,0.053884863888362146
train_00240,0.49111613631248474,0.8352085,0.21851599612225553
train_00241,0.19864976406097412,0.88592136,0.03329031359387962
train_00242,0.4858085513114929,0.9633615,0.029996505798567424
train_00243,0.41160672903060913,0.9059992,0.06735633449358962
train_00244,0.4778708517551422,0.9961891,0.3425743623062597
train_00245,0.6538582444190979,0.81597304,0.09464859345036054
train_00246,0.2903282940387726,0.9313532,0.045051495955048856
train_00247,0.243989959359169,0.82747424,0.30138250125754806
train_00248,0.2030927538871765,0.83568335,0.21634535953555242
train_00249,0.5301104187965393,0.83242553,0.43431994843884403
train_00250,0.8240621089935303,0.96153355,0.08107348094594775
train_00251,0.5299962162971497,0.95856833,0.18601558909016508
train_00252,0.6488710641860962,0.92227036,0.4486927347140465
train_00253,0.6457536816596985,0.834766,0.18483581188875273
train_00254,0.35698071122169495,0.9772754,0.43365860868512623
train_00255,0.1792784184217453,0.9875021,0.12074833279298305
train_00256,0.6830846071243286,0.8259826,0.4489634711344455
train_00257,0.4227854311466217,0.843529,0.12133193705912738
train_00258,0.19442914426326752,0.9950904,0.8369175721052624
train_00259,0.5475385189056396,0.815783,0.33221593084656476
train_00260,0.22774313390254974,0.9202243,0.04205559169434523
train_00261,0.589112401008606,0.99633694,0.2808697879161702
train_00262,0.475635290145874,0.8906017,0.03454393125732332
train_00263,0.8828370571136475,0.83713305,0.0790387229287607
train_00264,0.3525073528289795,0.8971199,0.0038949962301755205
train_00265,0.3654036819934845,0.9089292,0.0015125790291832617
train_00266,0.2155294418334961,0.9738889,0.03200442234318742
train_00267,0.14547058939933777,0.9411733,0.019986852453707946
train_00268,0.5386776924133301,0.7827698,0.3101126905634323
train_00269,0.5094174742698669,0.8584765,0.08025240837916797
train_00270,0.33966371417045593,0.96686333,0.30370817273462497
train_00271,0.47840097546577454,0.8578775,0.12207752280319069
train_00272,0.7082496881484985,0.8756847,0.02333165714585414
train_00273,0.3469521999359131,0.8205372,0.027201332523873398
train_00274,0.0,0.99685,0.11921648572514032
train_00275,0.0,0.8202627,0.2013994204177689
train_00276,0.0,0.9909073,0.03510420317727511
train_00277,0.0,0.9597953,0.009845535363865633
train_00278,0.0,0.8378887,0.12638774711644143
train_00279,0.0,0.8631017,0.2834393669012525
train_00280,0.0,0.84284246,0.1400640498819498
train_00281,0.0,0.8805829,0.05188443471362614
train_00282,0.0,0.9552989,0.011603451536567454
train_00283,0.0,0.9784075,0.055058049112776536
train_00284,0.0,0.9370724,0.39453573802685143
train_00285,0.0,0.8331513,0.19607977914906174
train_00286,0.0,0.8907118,0.04977675423266072
train_00287,0.0,0.9606633,0.12924904528443495
train_00288,0.0,0.99956477,0.36300064965449874
train_00289,0.0,0.8106419,0.077020201942233
train_00290,0.0,0.8754568,0.011171754138710561
train_00291,0.0,0.827492,0.19795741515662277
train_00292,0.0,0.9019433,0.013875815991481348
train_00293,0.0,0.9761199,0.023148105675859124
train_00294,0.0,0.9354415,0.035713533793151994
train_00295,0.0,0.88052464,0.02032478357969318
train_00296,0.0,0.87996215,0.011539573517476654
train_00297,0.0,0.96642655,0.14426316844291254
train_00298,0.0,0.82807875,0.22553692644633802
train_00299,0.0,0.85471654,0.07112192921176835
train_00300,0.0,0.804121,0.22929092702806256
train_00301,0.0,0.92807555,0.09472417065527394
train_00302,0.0,0.89103204,0.024715137984303654
train_00303,0.0,0.9761199,0.029345553513414523
train_00304,0.0,0.78119814,0.11599012145535313
train_00305,0.0,0.86647177,0.11955878111052477
train_00306,0.0,0.8649161,0.1962197222350108
train_00307,0.0,0.9239682,0.012491659704448538
train_00308,0.0,0.8643164,0.03869407521465338
train_00309,0.0,0.9164008,0.01784825051097011
train_00310,0.0,0.9064447,0.026060679081505594
train_00311,0.0,0.8203756,0.05725171677059171
train_00312,0.0,0.9105264,0.014479371117725195
train_00313,0.0,0.98389006,0.02170711783024088
train_00314,0.0,0.6506424,0.2835826451965167
train_00315,0.0,0.9607805,0.30760803208475057
train_00316,0.0,0.7821864,0.7209652532072053
train_00317,0.0,0.97532254,0.25658655173607486
train_00318,0.0,0.9624132,0.3807883618865844
train_00319,0.0,0.8671875,0.5732653775379215
train_00320,0.0,0.9142879,0.05643457504832029
train_00321,0.0,0.87956405,0.15189088833454237
train_00322,0.0,0.9425514,0.4036393013609625
train_00323,0.0,0.7880911,0.41348030827230453
train_00324,0.0,0.8703132,0.048019065108493866
train_00325,0.0,0.9840323,0.1719203727704365
train_00326,0.0,0.9742985,0.03493626367731639
train_00327,0.0,0.8772074,0.0839899968230445
train_00328,0.0,0.82689977,0.17946623153820918
train_00329,0.0,0.93416494,0.024228379533982033
train_00330,0.0,0.9286524,0.008213484263263016
train_00331,0.0,0.8759601,0.07785284809582753
train_00332,0.0,0.86250806,0.08561208293954588
train_00333,0.0,0.9567907,0.03148859461679466
train_00334,0.0,0.9387985,0.2767137271069852
train_00335,0.0,0.875204,0.22728917951508812
train_00336,0.0,0.8658184,0.04719822340880794
train_00337,0.0,0.86753225,0.028330349979995808
train_00338,0.0,0.8946655,0.015728799285337134
train_00339,0.0,0.8656163,0.1407765821996929
train_00340,0.0,0.7308476,0.34718383769252464
train_00341,0.0,0.93601644,0.050768027831507107
train_00342,0.0,0.8459269,0.19042472233709443
train_00343,0.0,0.94270635,0.26574876579411033
train_00344,0.0,0.86430967,0.03454071468568651
train_00345,0.0,0.92599547,0.022400482037100572
train_00346,0.0,0.9832157,0.06241580887669002
train_00347,0.0,0.90315986,0.030847093395310644
train_00348,0.0,0.9970099,0.12570858624481526
train_00349,0.0,0.84362745,0.1006239579273265
train_00350,0.0,0.8724805,0.0907282523658143
train_00351,0.0,0.68659604,0.9934114202049781
train_00352,0.0,0.918308,0.09973877467553229
train_00353,0.0,0.967243,0.21957676531542447
train_00354,0.0,0.87285876,0.033937306789405874
train_00355,0.0,0.84782183,0.15963078942995296
train_00356,0.0,0.9579286,0.5590515277047109
train_00357,0.0,0.9154812,0.05840861797332765
train_00358,0.0,0.7284994,0.8126038141864983
train_00359,0.0,0.8721051,0.03861412482327982
train_00360,0.0,0.8757113,0.014976265024541063
train_00361,0.0,0.901049,0.01848409061796014
train_00362,0.0,0.8891813,0.04931177834313401
train_00363,0.0,0.84059286,0.07456019672389261
train_00364,0.0,0.8623569,0.15938357072030118
train_00365,0.0,0.7518621,0.6138954713438824
train_00366,0.0,0.9220157,0.007895750749861688
train_00367,0.0,0.865986,0.05848891372911054
train_00368,0.0,0.8387468,0.3167557765676546
train_00369,0.0,0.85932314,0.044468236938228024
train_00370,0.0,0.8277573,0.172697753578119
train_00371,0.0,0.8903836,0.02320635175198796
train_00372,0.0,0.93853426,0.08368203830884806
train_00373,0.0,0.8165988,0.23218930984573166
train_00374,0.0,0.8523122,0.07331390284263634
train_00375,0.0,0.77389824,0.2839515141171906
train_00376,0.0,0.8742323,0.020112048611481227
train_00377,0.0,0.9105564,0.05919592830722014
train_00378,0.0,0.8902104,0.054150295931720466
train_00379,0.0,0.8766402,0.08822248052276595
train_00380,0.0,0.82318664,0.2168696011927955
train_00381,0.0,0.89092016,0.0070422563772774
train_00382,0.0,0.94596183,0.07739664610709836
train_00383,0.0,0.9889272,0.2300418480947112
train_00384,0.0,0.9889272,0.23014066201221542
train_00385,0.0,0.95653725,0.005757245033881236
train_00386,0.0,0.8500749,0.10052473178326997
train_00387,0.0,0.73190004,0.4880989544257238
train_00388,0.0,0.8847043,0.09646768758447072
train_00389,0.0,0.9098836,0.007945522548164488
train_00390,0.0,0.8924165,0.0685375344700904
train_00391,0.0,0.92272234,0.41389211547147825
train_00392,0.0,0.875734,0.10063857810999953
train_00393,0.0,0.9717593,0.00886512781721083
train_00394,0.0,0.89380383,0.11222782805234761
train_00395,0.0,0.9523871,0.02346558457412273
train_00396,0.0,0.8713372,0.021097223157414923
train_00397,0.0,0.8515279,0.25854418455114475
train_00398,0.0,0.9585694,0.7529639241548792
train_00399,0.0,0.8445957,0.052757850114807034
train_00400,0.0,0.85062075,0.13148306942876226
train_00401,0.0,0.9702873,0.03818246956101972
train_00402,0.0,0.9347352,0.06119838608197028
train_00403,0.0,0.9806553,0.2339497728892336
train_00404,0.0,0.9266987,0.018071288442018264
train_00405,0.0,0.9132625,0.029471638061291654
train_00406,0.0,0.8727839,0.08571346749934758
train_00407,0.0,0.853708,0.09020627674211695
train_00408,0.0,0.9988808,0.19410467024778028
train_00409,0.0,0.8387468,0.17375444248864103
train_00410,0.0,0.9435612,0.3827519285643956
train_00411,0.0,0.8286058,0.15583817717533333
train_00412,0.0,0.94301564,0.06693080213482697
train_00413,0.0,0.88783777,0.03918133192582501
train_00414,0.0,0.8829111,0.023015724071253796
train_00415,0.0,0.78336513,0.3383719731171344
train_00416,0.0,0.98982346,0.05679115593258842
train_00417,0.0,0.9066472,0.0409929375391928
train_00418,0.0,0.86196417,0.10341865115009498
train_00419,0.0,0.99445724,0.13763306977153697
train_00420,0.0,0.9932301,0.31283117379136877
train_00421,0.0,0.9319073,0.004785954468170424
train_00422,0.0,0.9167067,0.38099968929940053
train_00423,0.0,0.75527495,0.31027087438333434
train_00424,0.0,0.83575034,0.2539464543364931
train_00425,0.0,0.8509252,0.14633615672108372
train_00426,0.0,0.801191,0.12150478285476894
train_00427,0.0,0.967243,0.22358063040942083
train_00428,0.0,0.8916722,0.044174142886569526
train_00429,0.0,0.99445724,0.1762876579475263
train_00430,0.0,0.84390783,0.07116383734332346
train_00431,0.0,0.97408605,0.22351887919237812
train_00432,0.0,0.9791979,0.5919339890012281
train_00433,0.0,0.8996024,0.01615529356996146
train_00434,0.0,0.8493414,0.11200393134643531
train_00435,0.0,0.9981103,0.7198884606099583
train_00436,0.0,0.9661671,0.0268554200419657
train_00437,0.0,0.89761955,0.05187936188928553
train_00438,0.0,0.87943584,0.039640148461824974
train_00439,0.0,0.98389006,0.04709121835353957
train_00440,0.0,0.9128479,0.05411369712426057
train_00441,0.0,0.952683,0.16710152622437754
train_00442,0.0,0.95981324,0.002547754048019385
train_00443,0.0,0.9293522,0.4028688946392491
train_00444,0.0,0.9455044,0.08614410319710546
train_00445,0.0,0.9180829,0.00044921137348886487
train_00446,0.0,0.8589742,0.06229741541262428
train_00447,0.0,0.9966081,0.26195646964264474
train_00448,0.0,0.90221494,0.040418442660509056
train_00449,0.0,0.90254307,0.012080032241804789
train_00450,0.0,0.95856833,0.07200556203046621
train_00451,0.0,0.84750915,0.0674934730959148
train_00452,0.0,0.96116835,0.2347505002079387
train_00453,0.0,0.9580809,0.03213242130084059
train_00454,0.0,0.868372,0.14650680050144782
train_00455,0.0,0.9444691,0.03397019815359859
train_00456,0.0,0.9095319,0.03279524396335922
train_00457,0.0,0.9428283,0.0141515644171751
train_00458,0.0,0.8772832,0.1366662359691469
train_00459,0.0,0.74708945,0.33006770144357167
train_00460,0.0,0.8562666,0.10822408064261713
train_00461,0.0,0.8743825,0.14731846501502602
train_00462,0.0,0.9104264,0.007206228715783505
train_00463,0.0,0.89010215,0.04800515524813931
train_00464,0.0,0.90026593,0.008136005794812173
train_00465,0.0,0.9314439,0.06167335371060043
train_00466,0.0,0.98982346,0.049394203183591626
train_00467,0.0,0.98903143,0.4585438726587142
train_00468,0.0,0.820747,0.14516253525481215
train_00469,0.0,0.90276545,0.04054927852981087
train_00470,0.0,0.8653575,0.21049563187893103
train_00471,0.0,0.90390635,0.002084027257192973
train_00472,0.0,0.9275631,0.013815013267983445
train_00473,0.0,0.9831363,0.25761035281079403
train_00474,0.0,0.78077674,0.3982370176173932
train_00475,0.0,0.8398808,0.09781923226215829
train_00476,0.0,0.9991238,0.05599397167803428
train_00477,0.0,0.99727476,0.2130063258580547
train_00478,0.0,0.7682838,0.24083521164964616
train_00479,0.0,0.9295366,0.037853617323657954
train_00480,0.0,0.9281297,0.009546012359931737
train_00481,0.0,0.92847943,0.017454355667682032
train_00482,0.0,0.91823936,0.00699747242469826
train_00483,0.0,0.84426004,0.06806719163282722
train_00484,0.0,0.9137728,0.023122324282917054
train_00485,0.0,0.9423114,0.0037720624908346733
train_00486,0.0,0.9331174,0.06095868679824371
train_00487,0.0,0.9239682,0.0005379698871284463
train_00488,0.0,0.8736646,0.028594251805275545
train_00489,0.0,0.9955456,0.09929209550949002
train_00490,0.0,0.91406447,0.01065511834067272
train_00491,0.0,0.7729014,0.3382753233609402
train_00492,0.0,0.899192,0.1262209536085017
train_00493,0.0,0.917271,0.041705196295179
train_00494,0.0,0.9273256,0.012554146446516708
train_00495,0.0,0.9702873,0.02384463867409861
train_00496,0.0,0.875015,0.0335864585498416
train_00497,0.0,0.9870546,0.08906779184522949
train_00498,0.0,0.816139,0.1618676492358022
train_00499,0.0,0.8620354,0.04530256465077401
train_00500,0.0,0.8980057,0.0003968071214320193
train_00501,0.0,0.889179,0.034754230437655735
train_00502,0.0,0.9928992,0.258059124820927
train_00503,0.0,0.8937462,0.06192414417841075
train_00504,0.0,0.92857933,0.21044913250652972
train_00505,0.0,0.85770917,0.06784296071765014
train_00506,0.0,0.86913437,0.03753331396046966
train_00507,0.0,0.8335308,0.41104897817441344
train_00508,0.0,0.96880734,0.0738635465917266
train_00509,0.0,0.93690276,0.04013479730198883
train_00510,0.0,0.90398026,0.012449841540017726
train_00511,0.0,0.8536905,0.21325471539099428
train_00512,0.0,0.912971,0.053552940163330495
train_00513,0.0,0.91181445,0.021237167490218076
train_00514,0.0,0.7374858,0.6216070720950472
train_00515,0.0,0.90567136,0.33681472727966166
train_00516,0.0,0.89380383,0.17564194446775958
train_00517,0.0,0.85843074,0.12999743055634058
train_00518,0.0,0.83852077,0.10060840871070523
train_00519,0.0,0.89805794,0.013553596255785377
train_00520,0.0,0.88368106,0.17016469114303237
train_00521,0.0,0.9421612,0.056663669178897765
train_00522,0.0,0.8805608,0.032574621632717
train_00523,0.0,0.8671825,0.13214748889687816
train_00524,0.0,0.8139713,0.028919428641502886
train_00525,0.0,0.92599547,0.007031749806054601
train_00526,0.0,0.8938833,0.02890758146838684
train_00527,0.0,0.77185714,0.35002933811958153
train_00528,0.0,0.8118944,0.2651689851964725
train_00529,0.0,0.93549156,0.011294566777208888
train_00530,0.0,0.8151548,0.08700201467857703
train_00531,0.0,0.9659592,0.06702475963190392
train_00532,0.0,0.87619853,0.036592905822252275
train_00533,0.0,0.9132625,0.015805621924612392
train_00534,0.0,0.96721435,0.008911831349974407
train_00535,0.0,0.97005844,0.07654186209682838
train_00536,0.0,0.918308,0.03331582201303884
train_00537,0.0,0.8538414,0.3479711414867055
train_00538,0.0,0.89042604,0.023198560507501725
train_00539,0.0,0.94887066,0.09776111992176943
train_00540,0.0,0.8594837,0.0584838201369583
train_00541,0.0,0.8684117,0.02405733309091665
train_00542,0.0,0.81727797,0.17218203911582336
train_00543,0.0,0.8578775,0.20035408082285877
train_00544,0.0,0.875734,0.17273966375940192
train_00545,0.0,0.78102434,0.18125167053580107
train_00546,0.0,0.8514181,0.08567748726679675
train_00547,0.0,0.88221025,0.01811645318035413
train_00548,0.0,0.9322995,0.3288059030409962
train_00549,0.0,0.88221025,0.04841807127697052
train_00550,0.0,0.75353193,0.33935730670460146
train_00551,0.0,0.97297335,0.21169073695363275
train_00552,0.0,0.9655818,0.02182454287482215
train_00553,0.0,0.9220247,0.010565791884505378
train_00554,0.0,0.8448196,0.19833353226608974
train_00555,0.0,0.95765024,0.05413649272320909
train_00556,0.0,0.88527143,0.06234815955205682
train_00557,0.0,0.92183447,0.0336243681080563
train_00558,0.0,0.8647246,0.06516423980060468
train_00559,0.0,0.82739604,0.20608367008834771
train_00560,0.0,0.85056245,0.13286670531046685
train_00561,0.0,0.80271494,0.3115849693907128
train_00562,0.0,0.8855523,0.34529427442028787
train_00563,0.0,0.87452614,0.030192622738190834
train_00564,0.0,0.90732086,0.010556456663728982
train_00565,0.0,0.89416516,0.012753799824946796
train_00566,0.0,0.8740834,0.1424020451593102
train_00567,0.0,0.82846236,0.212377832596508
train_00568,0.0,0.84850895,0.21758687520184244
train_00569,0.0,0.8533112,0.22983669307666502
train_00570,0.0,0.79014504,0.3772790606252271
train_00571,0.0,0.9500114,0.32161920031159025
train_00572,0.0,0.81051815,0.16733612376612939
train_00573,0.0,0.91849595,0.00494011243284403
train_00574,0.0,0.9840323,0.17128573038218486
train_00575,0.0,0.83827984,0.06272585336964354
train_00576,0.0,0.87476826,0.18999559246821773
train_00577,0.0,0.9435353,0.028026811105484148
train_00578,0.0,0.8591798,0.03416593139868442
train_00579,0.0,0.90732086,0.015656509111044957
train_00580,0.0,0.96978104,0.10677348730722948
train_00581,0.0,0.98833287,0.01080651459274581
train_00582,0.0,0.8241785,0.22523127923423686
train_00583,0.0,0.9364166,0.013548580506928315
train_00584,0.0,0.8828097,0.06267167524016007
train_00585,0.0,0.8902104,0.048041554443309105
train_00586,0.0,0.8311728,0.13904070698739318
train_00587,0.0,0.92227036,0.27146676134094483
train_00588,0.0,0.84782183,0.2182783556455749
train_00589,0.0,0.9870374,0.0008699787991315034
train_00590,0.0,0.90006787,0.007315607795881799
train_00591,0.0,0.88463485,0.13751948685283016
train_00592,0.0,0.96686333,0.2720370966204787
train_00593,0.0,0.9124401,0.027676643341736067
train_00594,0.0,0.93585056,0.37002713795462255
train_00595,0.0,0.8068912,0.10016129168069555
train_00596,0.0,0.86281717,0.05588704358519083
train_00597,0.0,0.9988808,0.17465706226330027
train_00598,0.0,0.9633615,0.017419685600093653
train_00599,0.0,0.8077359,0.1960521714273693
train_00600,0.0,0.8930789,0.05319524471638492
train_00601,0.0,0.9010859,0.06529106978616112
train_00602,0.0,0.95248795,0.45725510514847184
train_00603,0.0,0.95142746,0.3434624221105003
train_00604,0.0,0.84579635,0.1622254869730197
train_00605,0.0,0.9950904,0.824828401120655
train_00606,0.0,0.89200693,0.008994182550224255
train_00607,0.0,0.8677267,0.019921229739085732
train_00608,0.0,0.99669766,0.20281870421867595
train_00609,0.0,0.83783466,0.124447951639292
train_00610,0.0,0.9658501,0.06042113632269171
train_00611,0.0,0.8700248,0.08990948357637073
train_00612,0.0,0.8041142,0.19973718446309885
train_00613,0.0,0.9373512,0.024823750775869204
train_00614,0.0,0.93105817,0.030670523528953247
train_00615,0.0,0.88889384,0.017969634568272365
train_00616,0.0,0.9124401,0.01897717784942941
train_00617,0.0,0.7618035,0.32661776105010143
train_00618,0.0,0.87877786,0.22969576748930692
train_00619,0.0,0.89818394,0.009034840949970577
train_00620,0.0,0.868372,0.18807901337110106
train_00621,0.0,0.8025706,0.17533375230531917
train_00622,0.0,0.95142746,0.40817344313048337
train_00623,0.0,0.88691896,0.07157993338140353
train_00624,0.0,0.9933912,0.01978180647649056
train_00625,0.0,0.8192477,0.1303998615161828
train_00626,0.0,0.8666811,0.03608562580717517
train_00627,0.0,0.7811742,0.1899575939235628
train_00628,0.0,0.8752962,0.10729618804150236
train_00629,0.0,0.95447457,0.030725943047340595
train_00630,0.0,0.8454366,0.09466010960443477
train_00631,0.0,0.9295366,0.043493339031018416
train_00632,0.0,0.9653678,0.030383908715900885
train_00633,0.0,0.83750165,0.16593393663798034
train_00634,0.0,0.8819118,0.016165677091518574
train_00635,0.0,0.9865092,0.0461547091461467
train_00636,0.0,0.9971863,0.04726807878599509
train_00637,0.0,0.91274583,0.23983926433159003
train_00638,0.0,0.86038804,0.05663926010926855
train_00639,0.0,0.8468675,0.06877561403686619
train_00640,0.0,0.93690276,0.023298277824266238
train_00641,0.0,0.8438056,0.08196583869451136
train_00642,0.0,0.70756197,0.4589147388520562
train_00643,0.0,0.85263276,0.26599344390813984
train_00644,0.0,0.98756707,0.028451800940893758
train_00645,0.0,0.7992408,0.23082753113780502
train_00646,0.0,0.96288073,0.19993405859606506
train_00647,0.0,0.89679986,0.040596223494929765
train_00648,0.0,0.92549586,0.0006234502127342261
train_00649,0.0,0.9653678,0.010652902861988906
train_00650,0.0,0.9606633,0.13022031068889148
train_00651,0.0,0.9257318,0.040832976652732
train_00652,0.0,0.81836694,0.24089622695877122
train_00653,0.0,0.7247643,0.5318124320025326
train_00654,0.0,0.76575005,0.24777871349589192
train_00655,0.0,0.7752603,0.3867906712377403
train_00656,0.0,0.79656553,0.16513332341460846
train_00657,0.0,0.99727476,0.17575410848829792
train_00658,0.0,0.9363701,0.05044418098854984
train_00659,0.0,0.74816954,0.5647107392156805
train_00660,0.0,0.83226717,0.059672862016439086
train_00661,0.0,0.8042371,0.09532434118592546
train_00662,0.0,0.9000195,0.09601356115732151
train_00663,0.0,0.79418206,0.24421943794406875
train_00664,0.0,0.9944875,0.36316712732545453
train_00665,0.0,0.9277543,0.005869046889932749
train_00666,0.0,0.9904303,0.0037509178251878923
train_00667,0.0,0.76258695,0.33287288788078817
train_00668,0.0,0.9273597,0.00525616617712409
train_00669,0.0,0.90181166,0.025018677778683853
train_00670,0.0,0.9911374,0.18074717603918397
train_00671,0.0,0.9572195,0.40383318246152705
train_00672,0.0,0.865415,0.04629697374028657
train_00673,0.0,0.9865092,0.08784117471334
train_00674,0.0,0.86778104,0.04621953315171106
train_00675,0.0,0.8738487,0.06529186651285186
train_00676,0.0,0.8624283,0.062298223139011843
train_00677,0.0,0.95653725,0.009609193918820182
train_00678,0.0,0.87409806,0.055718254056891445
train_00679,0.0,0.90390635,0.005001077576408145
train_00680,0.0,0.9604857,0.006635189179936494
train_00681,0.0,0.8320642,0.12224620864297076
train_00682,0.0,0.8445957,0.18363350798235456
train_00683,0.0,0.8163344,0.5421688751455283
train_00684,0.0,0.8740765,0.15741077706894097
train_00685,0.0,0.99460983,0.25934379880547
train_00686,0.0,0.9023857,0.039192036036429255
train_00687,0.0,0.8554671,0.09105135254769166
train_00688,0.0,0.8315244,0.2542802686659867
train_00689,0.0,0.83565474,0.12257279172147001
train_00690,0.0,0.8700248,0.013773885100949035
train_00691,0.0,0.8759378,0.024513403586988742
train_00692,0.0,0.98363984,0.2841074281215319
train_00693,0.0,0.8073976,0.3279734946274652
train_00694,0.0,0.9338514,0.06601320016872829
train_00695,0.0,0.9421043,0.05922916079946353
train_00696,0.0,0.88164043,0.028419926389506404
train_00697,0.0,0.95890224,0.49792057668482054
train_00698,0.0,0.9428283,0.007378874176439564
train_00699,0.0,0.9909073,0.037297869863133125
train_00700,0.0,0.9435353,0.00657672409519095
train_00701,0.0,0.9050832,0.25584606970953555
train_00702,0.0,0.9189203,0.026365951143237885
train_00703,0.0,0.8086268,0.1749594193153727
train_00704,0.0,0.90625614,0.03423531349873822
train_00705,0.0,0.92615545,0.023812440478980627
train_00706,0.0,0.82100666,0.2744342259091828
train_00707,0.0,0.90403455,0.0613289170654417
train_00708,0.0,0.9093063,0.015549879223871896
train_00709,0.0,0.9370724,0.29854025965771946
train_00710,0.0,0.871884,0.02848220096865606
train_00711,0.0,0.92196584,0.009895277198944048
train_00712,0.0,0.99792516,0.3175742032979977
train_00713,0.0,0.94126165,0.18717009813618868
train_00714,0.0,0.8650005,0.08282353328663644
train_00715,0.0,0.9742985,0.0250356322500751
train_00716,0.0,0.8579985,0.12396888933628578
train_00717,0.0,0.8045964,0.37657752197623073
train_00718,0.0,0.9000739,0.12766516626884788
train_00719,0.0,0.81491184,0.2810681465953196
train_00720,0.0,0.9057323,0.007278363929180588
train_00721,0.0,0.86865854,0.06488181070736876
train_00722,0.0,0.83884376,0.24465468561666776
train_00723,0.0,0.9380113,0.0016988831930855178
train_00724,0.0,0.85962355,0.18927993859937567
train_00725,0.0,0.9135066,0.015796057377037848
train_00726,0.0,0.7736119,0.19363152876081788
train_00727,0.0,0.9083458,0.03645145946767284
train_00728,0.0,0.8272021,0.3558525597543004
train_00729,0.0,0.82214725,0.1353163466915641
train_00730,0.0,0.90652144,0.11580120357596159
train_00731,0.0,0.9995029,0.03223461027463045
train_00732,0.0,0.8845479,0.08793173499329023
train_00733,0.0,0.8223376,0.3683644721658128
train_00734,0.0,0.8866899,0.04775155722047714
train_00735,0.0,0.9599625,0.009809969849939057
train_00736,0.0,0.9480199,0.003928879832802546
train_00737,0.0,0.7605274,0.36094314952764117
train_00738,0.0,0.90446305,0.0882873365145564
train_00739,0.0,0.8671875,0.5691304389763716
train_00740,0.0,0.853708,0.11852124905320072
train_00741,0.0,0.901418,0.053078037297481326
train_00742,0.0,0.9016305,0.06724428072200861
train_00743,0.0,0.8702427,0.05859555273069994
train_00744,0.0,0.92006737,0.02850775956060316
train_00745,0.0,0.852888,0.09273755323158177
train_00746,0.0,0.84800225,0.1525791904947681
train_00747,0.0,0.8338804,0.10649235828031035
train_00748,0.0,0.7902988,0.11602333930824198
train_00749,0.0,0.7996689,0.31709532046562405
train_00750,0.0,0.7614659,0.46662467491225307
train_00751,0.0,0.8981474,0.007624471463443026
train_00752,0.0,0.88094795,0.18782884392609184
train_00753,0.0,0.99062175,0.008375902598284699
train_00754,0.0,0.9257318,0.12304443408725549
train_00755,0.0,0.8082576,0.17472374067474075
train_00756,0.0,0.8165988,0.10233345914681172
train_00757,0.0,0.9167111,0.051792751494822334
train_00758,0.0,0.98866475,0.030365271626332138
train_00759,0.0,0.96116835,0.353763741180628
train_00760,0.0,0.9142879,0.06114548358788079
train_00761,0.0,0.90921533,0.011317058635731044
train_00762,0.0,0.72126067,0.42574056825910095
train_00763,0.0,0.7355879,0.7905766955231852
train_00764,0.0,0.832585,0.13368910814623183
train_00765,0.0,0.7911139,0.2759105859965217
train_00766,0.0,0.83242553,0.4414585622826572
train_00767,0.0,0.7597744,0.42487873233647505
train_00768,0.0,0.86084974,0.11757204523460059
train_00769,0.0,0.9206556,0.027453532701530003
train_00770,0.0,0.9953737,0.13781588864055944
train_00771,0.0,0.9664766,0.08376158743136798
train_00772,0.0,0.72254384,0.6151384447059032
train_00773,0.0,0.92568827,0.011407683034308827
train_00774,0.0,0.7386513,0.4361172786110666
train_00775,0.0,0.9069637,0.08673625907493894
train_00776,0.0,0.8990611,0.05485628680551034
train_00777,0.0,0.9893426,0.1285692800550911
train_00778,0.0,0.94887066,0.11841740909402053
train_00779,0.0,0.9641907,0.14498031265695482
train_00780,0.0,0.93246627,0.01794943189027543
train_00781,0.0,0.9023857,0.06507083847682438
train_00782,0.0,0.9897563,0.04062423188113887
train_00783,0.0,0.8852519,0.15590309724102605
train_00784,0.0,0.9955456,0.08400227286543363
train_00785,0.0,0.87494445,0.045058968964293275
train_00786,0.0,0.91548204,0.04795187068653142
train_00787,0.0,0.84717214,0.10830929117552707
train_00788,0.0,0.9347564,0.02076878289570745
train_00789,0.0,0.9579286,0.3337307720569182
train_00790,0.0,0.88755226,0.10774933092983366
train_00791,0.0,0.94120884,0.03582006035915318
train_00792,0.0,0.9810102,0.02762014428112727
train_00793,0.0,0.9683266,0.039581910037540594
train_00794,0.0,0.92208314,0.34246496289401246
train_00795,0.0,0.9855679,0.14226624925960385
train_00796,0.0,0.86481035,0.20623293872459045
train_00797,0.0,0.9092852,0.015077442759825236
train_00798,0.0,0.98631495,0.025940348036685414
train_00799,0.0,0.93086076,0.03755456336595304
train_00800,0.0,0.88488674,0.016190639124313264
train_00801,0.0,0.9717593,0.005176587434864628
train_00802,0.0,0.8791809,0.053151537618691194
train_00803,0.0,0.95923424,0.02573794716939133
train_00804,0.0,0.794525,0.3236949208343884
train_00805,0.0,0.96721435,0.009775020628294866
train_00806,0.0,0.80911577,0.1969424980800288
train_00807,0.0,0.90004826,0.09311349366847452
train_00808,0.0,0.9004661,0.012125224887364783
train_00809,0.0,0.86724806,0.12462262243337896
train_00810,0.0,0.837149,0.2187184675568019
train_00811,0.0,0.9639968,0.002237396771810937
train_00812,0.0,0.9784075,0.07353814151328968
train_00813,0.0,0.89934015,0.007904635710944456
train_00814,0.0,0.8983824,0.032186082254217104
train_00815,0.0,0.89492023,0.00911836989311226
train_00816,0.0,0.93800014,0.026609519002945493
train_00817,0.0,0.90403455,0.13602327708138554
train_00818,0.0,0.85636353,0.06132883350112603
train_00819,0.0,0.9423535,0.15578498735609375
train_00820,0.0,0.96998894,0.36242470632404045
train_00821,0.0,0.9933634,0.26480232981602236
train_00822,0.0,0.82707655,0.19050442492193917
train_00823,0.0,0.9411547,0.14234684769440534
train_00824,0.0,0.81561935,0.2759978531918449
train_00825,0.0,0.8445446,0.13487137261761753
train_00826,0.0,0.8750326,0.3939474176173678
train_00827,0.0,0.8829111,0.03787770369696931
train_00828,0.0,0.89918876,0.007800416953010842
train_00829,0.0,0.94410056,0.37340964540991917
train_00830,0.0,0.87103736,0.10424152786787573
train_00831,0.0,0.9016974,0.25264885617559163
train_00832,0.0,0.9167067,0.42084584366611993
train_00833,0.0,0.81780064,0.25998269916235267
train_00834,0.0,0.83752227,0.35906836227302497
train_00835,0.0,0.71271133,0.5536483640726628
train_00836,0.0,0.8679742,0.08406803876728824
train_00837,0.0,0.9176378,0.13034035839238592
train_00838,0.0,0.86048406,0.056022515257010526
train_00839,0.0,0.8900956,0.03343376834518214
train_00840,0.0,0.7591227,0.3656172537786196
train_00841,0.0,0.8639645,0.1592003166522847
train_00842,0.0,0.82785887,0.05372381814227795
train_00843,0.0,0.7427685,0.4281628927562282
train_00844,0.0,0.8578873,0.02663209223642531
train_00845,0.0,0.83993334,0.07030820501300113
train_00846,0.0,0.8184941,0.23501756216561634
train_00847,0.0,0.87991303,0.02811251916809452
train_00848,0.0,0.9576089,0.06390773822140292
train_00849,0.0,0.7504215,0.37341124257004626
train_00850,0.0,0.9827629,0.05430377907778297
train_00851,0.0,0.8713525,0.2495750520689247
train_00852,0.0,0.89768904,0.04849547347160245
train_00853,0.0,0.8949132,0.11340101581083209
train_00854,0.0,0.79675263,0.3382345386078557
train_00855,0.0,0.96998894,0.3253538793124706
train_00856,0.0,0.8356191,0.14651198202790486
train_00857,0.0,0.8653575,0.10519420496715808
train_00858,0.0,0.87606764,0.10182447666479588
train_00859,0.0,0.8253375,0.1842353337309371
train_00860,0.0,0.9933912,0.018709230166075865
train_00861,0.0,0.87175333,0.20287299444176266
train_00862,0.0,0.97827905,0.2679873611445308
train_00863,0.0,0.86294943,0.21589717829646335
train_00864,0.0,0.90208924,0.031870541336508476
train_00865,0.0,0.880383,0.06409172821642714
train_00866,0.0,0.9554808,0.030102195400924667
train_00867,0.0,0.9987814,0.021906393997665724
train_00868,0.0,0.9293736,0.16757448522556753
train_00869,0.0,0.9347352,0.0635287240191225
train_00870,0.0,0.80683494,0.15586352227896583
train_00871,0.0,0.89723974,0.057021812928805066
train_00872,0.0,0.79743147,0.4037732892207485
train_00873,0.0,0.9683266,0.03132664118818448
train_00874,0.0,0.89282215,0.025024911276941595
train_00875,0.0,0.89125,0.009684757443245822
train_00876,0.0,0.8737669,0.009962284412251382
train_00877,0.0,0.91991234,0.01190396784907029
train_00878,0.0,0.9992055,0.5440951473280068
train_00879,0.0,0.8360549,0.10900507241182063
train_00880,0.0,0.8873733,0.08225810817425107
train_00881,0.0,0.998374,0.32841962195856506
train_00882,0.0,0.8713525,0.1727929857517231
train_00883,0.0,0.9604857,0.028945238595912956
train_00884,0.0,0.95890224,0.44364276689805887
train_00885,0.0,0.9031627,0.09774580288727495
train_00886,0.0,0.83345,0.1726149460407162
train_00887,0.0,0.84858906,0.04262694785068709
train_00888,0.0,0.8473328,0.09040500161239379
train_00889,0.0,0.87756073,0.05995068489894336
train_00890,0.0,0.92344975,0.00127792444412827
train_00891,0.0,0.83656466,0.18749122726969628
train_00892,0.0,0.9402615,0.10909685331068138
train_00893,0.0,0.8851845,0.014341254407979035
train_00894,0.0,0.8457644,0.10026127336925854
train_00895,0.0,0.8674203,0.4238458087294203
train_00896,0.0,0.9639758,0.13173236457704623
train_00897,0.0,0.9597953,0.01303908479226805
train_00898,0.0,0.8711408,0.08547926182540933
train_00899,0.0,0.9855679,0.1319484471053016
train_00900,0.0,0.9552989,0.027252392887545544
train_00901,0.0,0.8050292,0.4422427899971888
train_00902,0.0,0.86555433,0.13167426058610746
train_00903,0.0,0.8934979,0.08411213056911138
train_00904,0.0,0.8550384,0.08428691565379565
train_00905,0.0,0.83667195,0.08232014449981435
train_00906,0.0,0.9324553,0.00023587831487950064
train_00907,0.0,0.99062175,0.01060871631670661
train_00908,0.0,0.8847219,0.07479258384091961
train_00909,0.0,0.93601644,0.03888679293160208
train_00910,0.0,0.74676144,0.45586847120549634
train_00911,0.0,0.9738889,0.026467638703044034
train_00912,0.0,0.8066044,0.10256003431135878
train_00913,0.0,0.9248347,0.0076578684801598485
train_00914,0.0,0.7865367,0.24926727700373089
train_00915,0.0,0.90921533,0.020826581843731866
train_00916,0.0,0.93667334,0.061424215118323015
train_00917,0.0,0.94301564,0.07788870706390671
train_00918,0.0,0.86426985,0.05191967159204218
train_00919,0.0,0.92993546,0.09945028753812107
train_00920,0.0,0.8939532,0.049847767547885634
train_00921,0.0,0.7277254,0.3324045402981003
train_00922,0.0,0.8969073,0.020731517616904838
train_00923,0.0,0.80237263,0.08059142644286679
train_00924,0.0,0.8727099,0.11491068227770213
train_00925,0.0,0.8146405,0.28428230219320183
train_00926,0.0,0.8793001,0.05340587181935024
train_00927,0.0,0.93125904,0.02316182745323348
train_00928,0.0,0.9148674,0.012486000245608838
train_00929,0.0,0.80688787,0.11851851643659012
train_00930,0.0,0.9618696,0.003117601148849612
train_00931,0.0,0.8507698,0.17843365145637213
train_00932,0.0,0.90887773,0.16177969137711196
train_00933,0.0,0.9421612,0.05124970904904613
train_00934,0.0,0.9231765,0.22439314324196052
train_00935,0.0,0.8376452,0.04352988851410752
train_00936,0.0,0.83141446,0.08005485445326453
train_00937,0.0,0.97827905,0.20333113343090822
train_00938,0.0,0.8488336,0.3074753565460138
train_00939,0.0,0.87765706,0.08407360857480789
train_00940,0.0,0.9193939,0.04765569912719691
train_00941,0.0,0.85212576,0.0991167257156763
train_00942,0.0,0.92666477,0.10460627053920207
train_00943,0.0,0.84491843,0.10338211568020621
train_00944,0.0,0.8644488,0.16944791608289606
train_00945,0.0,0.90652144,0.30554115517858527
train_00946,0.0,0.9342421,0.020593263959378483
train_00947,0.0,0.92885804,0.02388907689737541
train_00948,0.0,0.8434909,0.07583515405611273
train_00949,0.0,0.91326857,0.0017998695231723216
train_00950,0.0,0.96153355,0.10087569120665944
train_00951,0.0,0.80684406,0.37066250227904424
train_00952,0.0,0.8205252,0.3087431705648169
train_00953,0.0,0.98234665,0.03013750209062637
train_00954,0.0,0.8854526,0.05990213428461708
train_00955,0.0,0.8485371,0.04602801121367717
train_00956,0.0,0.9639758,0.10344632062651926
train_00957,0.0,0.9383191,0.14599699974387315
train_00958,0.0,0.9047313,0.021719168707466575
train_00959,0.0,0.82906044,0.37813020136485515
train_00960,0.0,0.81545746,0.1560584930547596
train_00961,0.0,0.85491663,0.034734849317618374
train_00962,0.0,0.76156056,0.7176437979561343
train_00963,0.0,0.893115,0.01319627856527555
train_00964,0.0,0.93208444,0.04270178338139158
train_00965,0.0,0.9994143,0.2568560702559889
train_00966,0.0,0.91830933,0.01827102227090131
train_00967,0.0,0.7973087,0.0645606448096639
train_00968,0.0,0.8904715,0.030307936935656938
train_00969,0.0,0.9368484,0.027826072344362827
train_00970,0.0,0.86860263,0.08613530893102397
train_00971,0.0,0.8121619,0.34558637073238985
train_00972,0.0,0.97297335,0.2283473537659401
train_00973,0.0,0.95642793,0.14488381774411543
train_00974,0.0,0.88148284,0.05969122719799617
train_00975,0.0,0.86496437,0.06828825643741543
train_00976,0.0,0.95923424,0.02423723746980179
train_00977,0.0,0.8999506,0.02314046564025158
train_00978,0.0,0.796854,0.04360336459802237
train_00979,0.0,0.9382409,0.008272740401949393
train_00980,0.0,0.86889714,0.058241062536072065
train_00981,0.0,0.8194022,0.03444681041117207
train_00982,0.0,0.8618578,0.04267895877699464
train_00983,0.0,0.9810102,0.01769664582808667
train_00984,0.0,0.9911374,0.15165319106763836
train_00985,0.0,0.931645,0.025638480966646192
train_00986,0.0,0.8966038,0.032046397127440174
train_00987,0.0,0.817279,0.2112635691662484
train_00988,0.0,0.90625614,0.21966542234183403
train_00989,0.0,0.90567625,0.009900039451614044
train_00990,0.0,0.8496856,0.1807978389552886
train_00991,0.0,0.90282786,0.09307513867080824
train_00992,0.0,0.93298626,0.012839402975637255
train_00993,0.0,0.85102695,0.046609724270477125
train_00994,0.0,0.8396954,0.15403789195667072
train_00995,0.0,0.7545527,0.5809459434072235
train_00996,0.0,0.8976091,0.0893069609454226
train_00997,0.0,0.88900495,0.03164918400009066
train_00998,0.0,0.90555644,0.0323191332585815
train_00999,0.0,0.98885524,0.08281264221336623
train_01000,0.0,0.91820145,0.0032265164402598525
train_01001,0.0,0.9271128,0.037897683767326405
train_01002,0.0,0.81112343,0.32239751310509085
train_01003,0.0,0.80909216,0.1025398471595864
train_01004,0.0,0.9995029,0.02814838017608375
train_01005,0.0,0.87389266,0.06384555803800047
train_01006,0.0,0.7751073,0.3847880057150588
train_01007,0.0,0.8749365,0.04575544781328381
train_01008,0.0,0.92541975,0.017650530309488623
train_01009,0.0,0.92287374,0.00958309117241014
train_01010,0.0,0.94120884,0.025650746366050022
train_01011,0.0,0.8170614,0.3315843068226888
train_01012,0.0,0.8921971,0.0071111214223098275
train_01013,0.0,0.9497911,0.07425194498735152
train_01014,0.0,0.8169575,0.08123568223781152
train_01015,0.0,0.85570693,0.053680905668094955
train_01016,0.0,0.893568,0.1538337682386094
train_01017,0.0,0.91050327,0.03219614408713919
train_01018,0.0,0.9224907,0.18565437595849504
train_01019,0.0,0.97005844,0.08100364564060292
train_01020,0.0,0.87256294,0.024028196921067568
train_01021,0.0,0.7949399,0.2847827991489784
train_01022,0.0,0.8624273,0.08072929174624285
train_01023,0.0,0.9411547,0.058359385911228016
train_01024,0.0,0.9310723,0.0075048536411316145
train_01025,0.0,0.8494135,0.12012845210589217
train_01026,0.0,0.80373037,0.09522238542948949
train_01027,0.0,0.7620528,0.21992266046355097
train_01028,0.0,0.75885123,0.6440781321043849
train_01029,0.0,0.8750326,0.14751800455665692
train_01030,0.0,0.91323066,0.07013721926407794
train_01031,0.0,0.8612388,0.019459768881309524
train_01032,0.0,0.88923764,0.029520423227094795
train_01033,0.0,0.8304173,0.106130859096525
train_01034,0.0,0.85784745,0.15360546905443748
train_01035,0.0,0.84700966,0.10338887685956229
train_01036,0.0,0.8240707,0.18241756390862024
train_01037,0.0,0.90861744,0.019832125329037536
train_01038,0.0,0.9875021,0.11188641605928736
train_01039,0.0,0.8451733,0.14958469407799305
train_01040,0.0,0.7992251,0.111845890010433
train_01041,0.0,0.782738,0.3688220994713366
train_01042,0.0,0.79272413,0.3341243606338913
train_01043,0.0,0.85772854,0.05796222978900152
train_01044,0.0,0.79639214,0.15942455193308752
train_01045,0.0,0.8154398,0.14128787931202097
train_01046,0.0,0.81896126,0.15308229715766528
train_01047,0.0,0.76427686,0.32571011616972495
train_01048,0.0,0.94194114,0.20893684845106844
train_01049,0.0,0.9189149,0.050604957194881596
train_01050,0.0,0.89838576,0.013328888573810614
train_01051,0.0,0.89632136,0.0435730254493032
train_01052,0.0,0.99028295,0.04301206108242665
train_01053,0.0,0.93853426,0.10037989082635758
train_01054,0.0,0.91323066,0.10167427771175239
train_01055,0.0,0.9590081,0.20302208160237026
train_01056,0.0,0.9904303,0.0025205670524590345
train_01057,0.0,0.89872843,0.12492143743034688
train_01058,0.0,0.8240707,0.2723858950842352
train_01059,0.0,0.8407965,0.14497902510172278
train_01060,0.0,0.82899827,0.15874794270641454
train_01061,0.0,0.9830751,0.040021650997668204
train_01062,0.0,0.895681,0.039831196908371336
train_01063,0.0,0.7815624,0.23465246621895672
train_01064,0.0,0.74396193,0.4898866216574371
train_01065,0.0,0.89318895,0.5351828912472132
train_01066,0.0,0.8977022,0.022739950622572384
train_01067,0.0,0.8423751,0.05770313792792456
train_01068,0.0,0.9987814,0.022337231727788773
train_01069,0.0,0.93208444,0.08061444749442061
train_01070,0.0,0.90380067,0.010465530481729466
train_01071,0.0,0.75679255,0.43767643861505334
train_01072,0.0,0.8045547,0.2021103818836795
train_01073,0.0,0.8757113,0.01656988262039327
train_01074,0.0,0.87155235,0.048026319996809716
train_01075,0.0,0.98251516,0.21178809409827473
train_01076,0.0,0.7956579,0.19930097764878812
train_01077,0.0,0.9658501,0.11012788759667214
train_01078,0.0,0.9447526,0.0017648547984616039
train_01079,0.0,0.9981927,0.5111613347711884
train_01080,0.0,0.91289,0.01886666654929584
train_01081,0.0,0.7629759,0.47469539800290655
train_01082,0.0,0.90126723,0.03739102132083905
train_01083,0.0,0.9624132,0.42874869994415543
train_01084,0.0,0.9455044,0.2090541207489297
train_01085,0.0,0.8220333,0.034666208875410554
train_01086,0.0,0.8170614,0.1910400220276147
train_01087,0.0,0.7885153,0.35924519456017595
train_01088,0.0,0.99669766,0.18327745145096785
train_01089,0.0,0.93416494,0.08417025708960231
train_01090,0.0,0.9447526,0.010042940884130413
train_01091,0.0,0.8913996,0.09174709218400112
train_01092,0.0,0.9380113,0.00339381089815829
train_01093,0.0,0.97549796,0.343781710098638
train_01094,0.0,0.7051132,0.4749680953004873
train_01095,0.0,0.90728706,0.009020602129301598
train_01096,0.0,0.8250528,0.3640542920607948
train_01097,0.0,0.95251036,0.0493726668740305
train_01098,0.0,0.9977428,0.08504290131860212
train_01099,0.0,0.8768079,0.008108878936645835
train_01100,0.0,0.913867,0.03814832059636516
train_01101,0.0,0.79004073,0.33001843231837885
train_01102,0.0,0.8853036,0.011251003034603763
train_01103,0.0,0.88923764,0.05009265379273874
train_01104,0.0,0.8835659,0.182261657029783
train_01105,0.0,0.8982796,0.006164444681382459
train_01106,0.0,0.9790443,0.2461386084774752
train_01107,0.0,0.77043724,0.42361105795224274
train_01108,0.0,0.8061391,0.18590180859907826
train_01109,0.0,0.931645,0.02290398798784784
train_01110,0.0,0.90567136,0.3001852010410841
train_01111,0.0,0.83035254,0.08180132392210283
train_01112,0.0,0.85304123,0.3881859417104791
train_01113,0.0,0.89103204,0.02882000924787576
train_01114,0.0,0.96288073,0.18481134527729687
train_01115,0.0,0.8339487,0.12300049353330933
train_01116,0.0,0.8791215,0.11186825023912231
train_01117,0.0,0.91170585,0.00662725337755104
train_01118,0.0,0.99664617,0.2991544604105098
train_01119,0.0,0.9500114,0.23631322794698867
train_01120,0.0,0.8545348,0.280270184508878
train_01121,0.0,0.980848,0.0509939341471799
train_01122,0.0,0.8682308,0.043016063903034335
train_01123,0.0,0.8478934,0.03902009544542296
train_01124,0.0,0.97408605,0.23417821996906668
train_01125,0.0,0.7794572,0.24698878530178375
train_01126,0.0,0.8732499,0.028442538276554727
train_01127,0.0,0.7846807,0.28750247887688885
train_01128,0.0,0.9830751,0.06158648026482602
train_01129,0.0,0.84218156,0.08331059146765211
train_01130,0.0,0.85854435,0.043860384226281676
train_01131,0.0,0.7758204,0.5068617498499408
train_01132,0.0,0.7413405,0.5637734570754569
train_01133,0.0,0.8835448,0.04921674537274708
train_01134,0.0,0.7515147,0.4410288576063963
train_01135,0.0,0.99850523,0.13009551583760653
train_01136,0.0,0.79272413,0.34113812869848303
train_01137,0.0,0.9372506,0.24513942947063053
train_01138,0.0,0.9893426,0.13780662155605164
train_01139,0.0,0.88123614,0.018428158422722034
train_01140,0.0,0.8688583,0.11971719443012643
train_01141,0.0,0.94194114,0.20750170474869264
train_01142,0.0,0.99685,0.1333803112999063
train_01143,0.0,0.9562583,0.009192107148784844
train_01144,0.0,0.9047077,0.08977407417744179
train_01145,0.0,0.95765024,0.03280721198151086
train_01146,0.0,0.8618578,0.040547947487950674
train_01147,0.0,0.8280803,0.10765231294151106
train_01148,0.0,0.94806826,0.01490168745573583
train_01149,0.0,0.92666477,0.09473710739071511
train_01150,0.0,0.8925724,0.102011333464878
train_01151,0.0,0.9466404,0.01646738286903278
train_01152,0.0,0.9992055,0.5428803646023417
train_01153,0.0,0.7456733,0.5277979946852079
train_01154,0.0,0.98854893,0.37300222409591843
train_01155,0.0,0.9497911,0.04004493349424044
train_01156,0.0,0.9141013,0.005429479108351566
train_01157,0.0,0.9019969,0.017438076854592102
train_01158,0.0,0.8760592,0.0632417938588828
train_01159,0.0,0.85696316,0.06303797771016989
train_01160,0.0,0.88817656,0.02097644408180284
train_01161,0.0,0.9994143,0.2369410332570488
train_01162,0.0,0.82560456,0.1841647920505543
train_01163,0.0,0.8852519,0.057153683154684214
train_01164,0.0,0.8448552,0.06738595707208399
train_01165,0.0,0.8688583,0.1227831511086025
train_01166,0.0,0.78309083,0.17108683859708543
train_01167,0.0,0.9087002,0.013997761873558359
train_01168,0.0,0.9273597,0.052083941421431974
train_01169,0.0,0.78139746,0.2852725571847765
train_01170,0.0,0.8505616,0.16094671035973604
train_01171,0.0,0.98866475,0.0421132621225815
train_01172,0.0,0.9981103,0.707161821488231
train_01173,0.0,0.91215175,0.02764107928683607
train_01174,0.0,0.8651575,0.038756643339315236
train_01175,0.0,0.82707655,0.28282760750191455
train_01176,0.0,0.94509697,0.04968138828459108
train_01177,0.0,0.9961891,0.3622656489535621
train_01178,0.0,0.9550842,0.03870228431180753
train_01179,0.0,0.8117087,0.05554822032744853
train_01180,0.0,0.84600186,0.06405929101802856
train_01181,0.0,0.85912,0.23297823976458076
train_01182,0.0,0.88373744,0.0850744232153561
train_01183,0.0,0.901049,0.009409551850436897
train_01184,0.0,0.7831195,0.050138166375010985
train_01185,0.0,0.98833287,0.014045756250227182
train_01186,0.0,0.9118448,0.010462540480557768
train_01187,0.0,0.9214153,0.001737574585420277
train_01188,0.0,0.8728987,0.03253740775310277
train_01189,0.0,0.8743068,0.0602535790729706
train_01190,0.0,0.9977428,0.0940358678776209
train_01191,0.0,0.998374,0.3312279524207988
train_01192,0.0,0.90791076,0.008729984582910424
train_01193,0.0,0.82725286,0.12526521387334102
train_01194,0.0,0.7931979,0.3048429915007874
train_01195,0.0,0.8829784,0.029539290755594465
train_01196,0.0,0.948205,0.02030061572288349
train_01197,0.0,0.8409941,0.12376655475134209
train_01198,0.0,0.9639968,0.009067264260890544
train_01199,0.0,0.8448552,0.07905549186215045
train_01200,0.0,0.7719468,0.20767679704601386
train_01201,0.0,0.95642793,0.17244015281057287
train_01202,0.0,0.98251516,0.2352918668774176
train_01203,0.0,0.87473667,0.027489187672057925
train_01204,0.0,0.8390055,0.06324591798268771
train_01205,0.0,0.9680648,0.3281340899963155
train_01206,0.0,0.92541975,0.018600530154174018
train_01207,0.0,0.8114613,0.26919403961951005
train_01208,0.0,0.67019534,0.5098660235829094
train_01209,0.0,0.99460983,0.24455308709539048
train_01210,0.0,0.980848,0.037709900845349434
train_01211,0.0,0.917271,0.02723545117268276
train_01212,0.0,0.87726974,0.037965619456061146
train_01213,0.0,0.81603,0.22434949798299486
train_01214,0.0,0.84221756,0.05081767599926075
train_01215,0.0,0.9466404,0.03795035038727007
train_01216,0.0,0.9386643,0.003619934321758859
train_01217,0.0,0.84778595,0.08312806197132583
train_01218,0.0,0.8125604,0.07819929584086291
train_01219,0.0,0.9870374,0.0002572083845734596
train_01220,0.0,0.9322995,0.1970733096482202
train_01221,0.0,0.8736418,0.08909099730356196
train_01222,0.0,0.89382505,0.04325185697934813
train_01223,0.0,0.89329374,0.04046544608105066
train_01224,0.0,0.87734735,0.11409117740907572
train_01225,0.0,0.88178426,0.02400918245386458
train_01226,0.0,0.89016926,0.01116422181062695
train_01227,0.0,0.929116,0.03693019610312856
train_01228,0.0,0.8945788,0.04842678624400284
train_01229,0.0,0.9523871,0.016230102138672882
train_01230,0.0,0.94310963,0.005908037497393383
train_01231,0.0,0.9383191,0.052209556740360936
train_01232,0.0,0.7424649,0.7037628537303009
train_01233,0.0,0.8012734,0.3775412218724302
train_01234,0.0,0.9904459,0.22784209356126464
train_01235,0.0,0.8336208,0.19049683997563002
train_01236,0.0,0.8371663,0.14439799450065172
train_01237,0.0,0.84325504,0.2713583726615892
train_01238,0.0,0.9953737,0.15361977827845694
train_01239,0.0,0.75642043,0.09351857405150443
train_01240,0.0,0.79330677,0.12928439240853573
train_01241,0.0,0.8786167,0.23944352823330053
train_01242,0.0,0.9576089,0.10366712535566501
train_01243,0.0,0.9661671,0.028540943992783698
train_01244,0.0,0.8867049,0.0505602672630662
train_01245,0.0,0.82407665,0.28879732940765984
train_01246,0.0,0.8200866,0.24281080133045752
train_01247,0.0,0.82348746,0.16035167519903115
train_01248,0.0,0.8710417,0.07926642629665652
train_01249,0.0,0.9833646,0.1159419899105502
train_01250,0.0,0.96880734,0.09237536517235057
train_01251,0.0,0.7846589,0.15934811046191574
train_01252,0.0,0.9273256,0.00846428214729181
train_01253,0.0,0.7840924,0.06958745557427581
train_01254,0.0,0.8656578,0.04607424874780468
train_01255,0.0,0.8823023,0.06992577963766382
train_01256,0.0,0.98756707,0.026258604176680658
train_01257,0.0,0.9567907,0.07829578494104947
train_01258,0.0,0.7310082,0.662301790814623
train_01259,0.0,0.87756073,0.08921166016866139
train_01260,0.0,0.7449496,0.30043066897556336
train_01261,0.0,0.86773837,0.06588102962445376
train_01262,0.0,0.8270768,0.19110542109146125
train_01263,0.0,0.90165603,0.03886358566353122
train_01264,0.0,0.92434317,0.0052949638745446136
train_01265,0.0,0.9313532,0.041798274544112675
train_01266,0.0,0.9372254,0.15579792283377222
train_01267,0.0,0.8760034,0.01691499364290981
train_01268,0.0,0.8741585,0.013116589260027137
train_01269,0.0,0.85166496,0.12944664173428172
train_01270,0.0,0.9321224,0.012744311241113948
train_01271,0.0,0.92808974,0.014978573195319918
train_01272,0.0,0.948205,0.021219961290652716
train_01273,0.0,0.8440299,0.20440932592570693
train_01274,0.0,0.9245256,0.009662367712493609
train_01275,0.0,0.94509697,0.08279659592956959
train_01276,0.0,0.912507,0.015319381268643182
train_01277,0.0,0.90558916,0.11606654583273311
train_01278,0.0,0.8445446,0.09826166162793668
train_01279,0.0,0.8367524,0.030838834157276295
train_01280,0.0,0.6688912,0.7427722525020645
train_01281,0.0,0.7476047,0.6565689124919659
train_01282,0.0,0.903062,0.022816929983937813
train_01283,0.0,0.7300613,0.16508347437462031
train_01284,0.0,0.9234958,0.010109435394951748
train_01285,0.0,0.9184917,0.006081286847242326
train_01286,0.0,0.7044884,0.5487275257859362
train_01287,0.0,0.8320642,0.1486406162752065
train_01288,0.0,0.80901456,0.19263306196511754
train_01289,0.0,0.97549796,0.4126681027614878
train_01290,0.0,0.851931,0.3623946695647163
train_01291,0.0,0.9342421,0.022571970607218158
train_01292,0.0,0.89768904,0.04934036037932378
train_01293,0.0,0.9376463,0.02293417938762667
train_01294,0.0,0.7165327,0.3833239151478512
train_01295,0.0,0.8928567,0.13018052605898453
train_01296,0.0,0.91334283,0.0016961795751054502
train_01297,0.0,0.8998054,0.024853769103460564
train_01298,0.0,0.83632314,0.11128031603806539
train_01299,0.0,0.946779,0.12151831842817115
train_01300,0.0,0.9237996,0.12827154661516493
train_01301,0.0,0.70968974,0.4989019939875009
train_01302,0.0,0.913116,0.11839405712760209
train_01303,0.0,0.88399285,0.3982225783812878
train_01304,0.0,0.93105817,0.05276635100582333
train_01305,0.0,0.82552433,0.15255335088421101
train_01306,0.0,0.9135066,0.017455888033938615
train_01307,0.0,0.7310981,0.17344550383693128
train_01308,0.0,0.82702565,0.13221298311325674
train_01309,0.0,0.9870546,0.13622450046950343
train_01310,0.0,0.9368381,0.012021502911346378
train_01311,0.0,0.92282283,0.008389373993880138
train_01312,0.0,0.8217412,0.2389573874991076
train_01313,0.0,0.8610298,0.22549598313224437
train_01314,0.0,0.95657057,0.024943965739443744
train_01315,0.0,0.98363984,0.31007114649909834
train_01316,0.0,0.89992034,0.010776474385755476
train_01317,0.0,0.75162673,0.23328024931742888
train_01318,0.0,0.9324553,0.01770161525462243
train_01319,0.0,0.88842005,0.047249732283250835
train_01320,0.0,0.7287888,0.7632716980153261
train_01321,0.0,0.7545527,0.4658285745284568
train_01322,0.0,0.9184917,0.017831595352200424
train_01323,0.0,0.8103299,0.13606260836473497
train_01324,0.0,0.8976091,0.14887058930921518
train_01325,0.0,0.9944875,0.3495390145792619
train_01326,0.0,0.9981927,0.5081231768623452
train_01327,0.0,0.776809,0.21435410104921063
train_01328,0.0,0.8038729,0.24611052671995554
train_01329,0.0,0.9599625,0.011790837879847641
train_01330,0.0,0.9047705,0.022375997003184225
train_01331,0.0,0.7980211,0.3257619788583864
train_01332,0.0,0.8894185,0.018958030521084242
train_01333,0.0,0.8873733,0.1111833599135607
train_01334,0.0,0.8337883,0.1896772227210496
train_01335,0.0,0.85341036,0.06578809954935078
train_01336,0.0,0.9831363,0.19844808329774902
train_01337,0.0,0.9553782,0.023178734839791614
train_01338,0.0,0.9550842,0.03401834765070092
train_01339,0.0,0.9230006,0.19885569400703576
train_01340,0.0,0.830494,0.0858879775441583
train_01341,0.0,0.8603687,0.041321126737060516
train_01342,0.0,0.8936355,0.01543583378883005
train_01343,0.0,0.99701077,0.2028282634815744
train_01344,0.0,0.9296953,0.004646855012935039
train_01345,0.0,0.899753,0.022748970029818356
train_01346,0.0,0.93233496,0.7488142533846864
train_01347,0.0,0.736776,0.4146254091451318
train_01348,0.0,0.80024916,0.22179721490006846
train_01349,0.0,0.873886,0.03701681519911718
train_01350,0.0,0.86020887,0.02950471111274655
train_01351,0.0,0.8433243,0.03127992090115959
train_01352,0.0,0.97086394,0.6596135572144437
train_01353,0.0,0.92414325,0.02714599361029585
train_01354,0.0,0.8684117,0.06221353147795224
train_01355,0.0,0.98234665,0.0221768731843151
train_01356,0.0,0.9165008,0.009357664889572829
train_01357,0.0,0.92941225,0.01273799007472147
train_01358,0.0,0.84579635,0.11987873047459352
train_01359,0.0,0.89517844,0.12057608032645452
train_01360,0.0,0.88196933,0.02529231607859428
train_01361,0.0,0.97532254,0.273484555639512
train_01362,0.0,0.8084705,0.22010484951961443
train_01363,0.0,0.8629712,0.06261734491211429
train_01364,0.0,0.8640584,0.05630216954022339
train_01365,0.0,0.8893628,0.0354176967845218
